<?xml version="1.0"?>
<adf>
  <banner>
    <details>
      <uniqueId>ced5969e5306f923724b58fb5be0e8f5</uniqueId>
      <format>Standard</format>
      <name>easybank</name>
      <events>1</events>
    </details>
    <settings>
      <responsiveWidth>0</responsiveWidth>
      <responsiveHeight>0</responsiveHeight>
      <landingPageTarget>_blank</landingPageTarget>
    </settings>
    <assets>
      <asset>
        <sourceType>src</sourceType>
        <fileName><![CDATA[easybank_main_asset]]></fileName>
        <clickTagNames>
          <clickTagName>clickTAG</clickTagName>
        </clickTagNames>
        <eventIds/>
      </asset>
    </assets>
    <bannerClickTags>
      <bannerClickTag name="clickTAG" displayName="clickTAG"><![CDATA[]]></bannerClickTag>
    </bannerClickTags>
    <bannerEvents/>
    <variables/>
  </banner>
</adf>
